{"kind":"webfonts#webfontList","items":[{"kind":"webfonts#webfont","family":"Roboto","category":"sans-serif","variants":["100","100italic","300","300italic","regular","italic","500","500italic","700","700italic","900","900italic"],"subsets":["latin","vietnamese","latin-ext","greek-ext","cyrillic","greek","cyrillic-ext"],"version":"v18","lastModified":"2017-10-16","files":{"100":"http://fonts.gstatic.com/s/roboto/v18/KFOkCnqEu92Fr1MmgWxP.ttf","300":"http://fonts.gstatic.com/s/roboto/v18/KFOlCnqEu92Fr1MmSU5vAw.ttf","500":"http://fonts.gstatic.com/s/roboto/v18/KFOlCnqEu92Fr1MmEU9vAw.ttf","700":"http://fonts.gstatic.com/s/roboto/v18/KFOlCnqEu92Fr1MmWUlvAw.ttf","900":"http://fonts.gstatic.com/s/roboto/v18/KFOlCnqEu92Fr1MmYUtvAw.ttf","100italic":"http://fonts.gstatic.com/s/roboto/v18/KFOiCnqEu92Fr1Mu51QrIzc.ttf","300italic":"http://fonts.gstatic.com/s/roboto/v18/KFOjCnqEu92Fr1Mu51TjARc9.ttf","regular":"http://fonts.gstatic.com/s/roboto/v18/KFOmCnqEu92Fr1Me5Q.ttf","italic":"http://fonts.gstatic.com/s/roboto/v18/KFOkCnqEu92Fr1Mu52xP.ttf","500italic":"http://fonts.gstatic.com/s/roboto/v18/KFOjCnqEu92Fr1Mu51S7ABc9.ttf","700italic":"http://fonts.gstatic.com/s/roboto/v18/KFOjCnqEu92Fr1Mu51TzBhc9.ttf","900italic":"http://fonts.gstatic.com/s/roboto/v18/KFOjCnqEu92Fr1Mu51TLBBc9.ttf"}},{"kind":"webfonts#webfont","family":"Poppins","category":"sans-serif","variants":["100","100italic","200","200italic","300","300italic","regular","italic","500","500italic","600","600italic","700","700italic","800","800italic","900","900italic"],"subsets":["latin","devanagari","latin-ext"],"version":"v5","lastModified":"2017-11-21","files":{"100":"http://fonts.gstatic.com/s/poppins/v5/pxiGyp8kv8JHgFVrLPTedw.ttf","200":"http://fonts.gstatic.com/s/poppins/v5/pxiByp8kv8JHgFVrLFj_V1s.ttf","300":"http://fonts.gstatic.com/s/poppins/v5/pxiByp8kv8JHgFVrLDz8V1s.ttf","500":"http://fonts.gstatic.com/s/poppins/v5/pxiByp8kv8JHgFVrLGT9V1s.ttf","600":"http://fonts.gstatic.com/s/poppins/v5/pxiByp8kv8JHgFVrLEj6V1s.ttf","700":"http://fonts.gstatic.com/s/poppins/v5/pxiByp8kv8JHgFVrLCz7V1s.ttf","800":"http://fonts.gstatic.com/s/poppins/v5/pxiByp8kv8JHgFVrLDD4V1s.ttf","900":"http://fonts.gstatic.com/s/poppins/v5/pxiByp8kv8JHgFVrLBT5V1s.ttf","100italic":"http://fonts.gstatic.com/s/poppins/v5/pxiAyp8kv8JHgFVrJJLmE3tF.ttf","200italic":"http://fonts.gstatic.com/s/poppins/v5/pxiDyp8kv8JHgFVrJJLmv1plEA.ttf","300italic":"http://fonts.gstatic.com/s/poppins/v5/pxiDyp8kv8JHgFVrJJLm21llEA.ttf","regular":"http://fonts.gstatic.com/s/poppins/v5/pxiEyp8kv8JHgFVrFJA.ttf","italic":"http://fonts.gstatic.com/s/poppins/v5/pxiGyp8kv8JHgFVrJJLedw.ttf","500italic":"http://fonts.gstatic.com/s/poppins/v5/pxiDyp8kv8JHgFVrJJLmg1hlEA.ttf","600italic":"http://fonts.gstatic.com/s/poppins/v5/pxiDyp8kv8JHgFVrJJLmr19lEA.ttf","700italic":"http://fonts.gstatic.com/s/poppins/v5/pxiDyp8kv8JHgFVrJJLmy15lEA.ttf","800italic":"http://fonts.gstatic.com/s/poppins/v5/pxiDyp8kv8JHgFVrJJLm111lEA.ttf","900italic":"http://fonts.gstatic.com/s/poppins/v5/pxiDyp8kv8JHgFVrJJLm81xlEA.ttf"}},{"kind":"webfonts#webfont","family":"Noto Sans","category":"sans-serif","variants":["regular","italic","700","700italic"],"subsets":["latin","vietnamese","devanagari","latin-ext","greek-ext","cyrillic","greek","cyrillic-ext"],"version":"v7","lastModified":"2017-10-11","files":{"700":"http://fonts.gstatic.com/s/notosans/v7/o-0NIpQlx3QUlC5A4PNjXhFlYw.ttf","regular":"http://fonts.gstatic.com/s/notosans/v7/o-0IIpQlx3QUlC5A4PNb4g.ttf","italic":"http://fonts.gstatic.com/s/notosans/v7/o-0OIpQlx3QUlC5A4PNr4DRF.ttf","700italic":"http://fonts.gstatic.com/s/notosans/v7/o-0TIpQlx3QUlC5A4PNr4Az5ZtyE.ttf"}}]}